start,end,levelPrice,categories,tag
2026.01.05,2026.01.09,6909,weekly_smash_stacked_friday_monday_thursday_tuesday,weeklySmash
2026.01.05,2026.01.09,6952,weekly_stacked_friday_monday_thursday_tuesday_wednesday,weeklyUp1
2026.01.05,2026.01.09,6969,weekly_stacked_tuesday,weeklyUp2
2026.01.05,2026.01.09,7010,weekly,weeklyUp3
2026.01.05,2026.01.09,7040,weekly_stacked_wednesday,weeklyUp4
2026.01.05,2026.01.09,7070,weekly,weeklyUp5
2026.01.05,2026.01.09,7100,weekly,weeklyUp6
2026.01.05,2026.01.09,6845,weekly_stacked_monday,weeklyDown1
2026.01.05,2026.01.09,6800,weekly,weeklyDown2
2026.01.05,2026.01.09,6770,weekly,weeklyDown3
2026.01.05,2026.01.09,6725,weekly,weeklyDown4
2026.01.05,2026.01.09,6670,weekly,weeklyDown5
2026.01.05,2026.01.05,6932,daily_monday,dailyUp1
2026.01.05,2026.01.05,6872,daily_monday,dailyDown1
2026.01.06,2026.01.06,6987,daily_tuesday,dailyUp2
2026.01.06,2026.01.06,6935,daily_tuesday,dailyDown1
2026.01.07,2026.01.07,6980,daily_wednesday_smash,dailySmash
2026.01.07,2026.01.07,6994,daily_wednesday,dailyUp1
2026.01.07,2026.01.07,7009,daily_wednesday,dailyUp2
2026.01.07,2026.01.07,6934,daily_wednesday,dailyDown2
2026.01.08,2026.01.08,6976,daily_thursday_smash,dailySmash
2026.01.08,2026.01.08,6994,daily_thursday,dailyUp1
2026.01.08,2026.01.08,7018,daily_thursday,dailyUp2
2026.01.08,2026.01.08,6934,daily_thursday,dailyDown2
2026.01.09,2026.01.09,6976,daily_friday_smash,dailySmash
2026.01.09,2026.01.09,6994,daily_friday,dailyUp1
2026.01.09,2026.01.09,7018,daily_friday,dailyUp2
2026.01.09,2026.01.09,6934,daily_friday,dailyDown2
2026.01.12,2026.01.16,6994,weekly_smash_stacked_friday_monday_thursday_tuesday_wednesday,weeklySmash
2026.01.12,2026.01.16,7040,weekly_stacked_monday,weeklyUp1
2026.01.12,2026.01.16,7105,weekly,weeklyUp2
2026.01.12,2026.01.16,7135,weekly,weeklyUp3
2026.01.12,2026.01.16,7185,weekly,weeklyUp4
2026.01.12,2026.01.16,7225,weekly,weeklyUp5
2026.01.12,2026.01.16,6952,weekly_stacked_friday_monday_thursday,weeklyDown1
2026.01.12,2026.01.16,6895,weekly,weeklyDown2
2026.01.12,2026.01.16,6865,weekly,weeklyDown3
2026.01.12,2026.01.16,6725,weekly,weeklyDown4
2026.01.12,2026.01.16,6670,weekly,weeklyDown5
2026.01.12,2026.01.12,7017,daily_monday,dailyUp1
2026.01.12,2026.01.12,7053,daily_monday,dailyUp3
2026.01.12,2026.01.12,6976,daily_monday,dailyDown1
2026.01.13,2026.01.13,7017,daily_tuesday_smash,dailySmash
2026.01.13,2026.01.13,7036,daily_tuesday,dailyUp1
2026.01.13,2026.01.13,7053,daily_tuesday,dailyUp2
2026.01.13,2026.01.13,7070,daily_tuesday,dailyUp3
2026.01.13,2026.01.13,6981,daily_tuesday,dailyDown2
2026.01.13,2026.01.13,6960,daily_tuesday,dailyDown3
2026.01.14,2026.01.14,7015,daily_wednesday_smash,dailySmash
2026.01.14,2026.01.14,7036,daily_wednesday,dailyUp1
2026.01.14,2026.01.14,7053,daily_wednesday,dailyUp2
2026.01.14,2026.01.14,6960,daily_wednesday,dailyDown2
2026.01.15,2026.01.15,6977,daily_thursday_smash,dailySmash
2026.01.15,2026.01.15,7015,daily_thursday,dailyUp2
2026.01.15,2026.01.15,6933,daily_thursday,dailyDown2
2026.01.15,2026.01.15,6909,daily_thursday,dailyDown3
2026.01.16,2026.01.16,7015,daily_friday,dailyUp1
2026.01.16,2026.01.16,7036,daily_friday,dailyUp2
2026.01.16,2026.01.16,6968,daily_friday,dailyDown1
2026.01.16,2026.01.16,6933,daily_friday,dailyDown3
2026.01.19,2026.01.23,6968,weekly_smash_stacked_tuesday,weeklySmash
2026.01.19,2026.01.23,7025,weekly,weeklyUp1
2026.01.19,2026.01.23,7036,weekly_stacked_tuesday,weeklyUp2
2026.01.19,2026.01.23,7100,weekly,weeklyUp3
2026.01.19,2026.01.23,7130,weekly,weeklyUp4
2026.01.19,2026.01.23,7185,weekly,weeklyUp5
2026.01.19,2026.01.23,7225,weekly,weeklyUp6
2026.01.19,2026.01.23,6923,weekly_stacked_friday_thursday_tuesday,weeklyDown1
2026.01.19,2026.01.23,6875,weekly,weeklyDown2
2026.01.19,2026.01.23,6845,weekly_stacked_thursday_wednesday,weeklyDown3
2026.01.19,2026.01.23,6775,weekly_stacked_wednesday,weeklyDown4
2026.01.19,2026.01.23,6725,weekly,weeklyDown5
2026.01.20,2026.01.20,6994,daily_tuesday,dailyUp1
2026.01.20,2026.01.20,7015,daily_tuesday,dailyUp2
2026.01.20,2026.01.20,6952,daily_tuesday,dailyDown1
2026.01.21,2026.01.21,6866,daily_wednesday,dailyUp1
2026.01.21,2026.01.21,6894,daily_wednesday,dailyUp2
2026.01.21,2026.01.21,6826,daily_wednesday,dailyDown1
2026.01.21,2026.01.21,6790,daily_wednesday,dailyDown2
2026.01.22,2026.01.22,6894,daily_thursday_smash,dailySmash
2026.01.22,2026.01.22,6952,daily_thursday,dailyUp2
2026.01.22,2026.01.22,6960,daily_thursday,dailyUp3
2026.01.22,2026.01.22,6866,daily_thursday,dailyDown1
2026.01.23,2026.01.23,6960,daily_friday_smash,dailySmash
2026.01.23,2026.01.23,6994,daily_friday,dailyUp1
2026.01.23,2026.01.23,7015,daily_friday,dailyUp2
2026.01.23,2026.01.23,6931,daily_friday,dailyDown1
2026.01.23,2026.01.23,6894,daily_friday,dailyDown3
2026.01.26,2026.01.30,6960,weekly_smash_stacked_monday,weeklySmash
2026.01.26,2026.01.30,7025,weekly,weeklyUp1
2026.01.26,2026.01.30,7036,weekly_stacked_tuesday_wednesday,weeklyUp2
2026.01.26,2026.01.30,7080,weekly,weeklyUp3
2026.01.26,2026.01.30,7110,weekly,weeklyUp4
2026.01.26,2026.01.30,7140,weekly,weeklyUp5
2026.01.26,2026.01.30,7185,weekly,weeklyUp6
2026.01.26,2026.01.30,6923,weekly_stacked_monday_tuesday,weeklyDown1
2026.01.26,2026.01.30,6855,weekly,weeklyDown2
2026.01.26,2026.01.30,6825,weekly,weeklyDown3
2026.01.26,2026.01.30,6775,weekly,weeklyDown4
2026.01.26,2026.01.30,6725,weekly,weeklyDown5
2026.01.26,2026.01.26,6994,daily_monday,dailyUp1
2026.01.26,2026.01.26,7015,daily_monday,dailyUp2
2026.01.26,2026.01.26,6931,daily_monday,dailyDown1
2026.01.26,2026.01.26,6894,daily_monday,dailyDown3
2026.01.27,2026.01.27,6969,daily_tuesday_smash,dailySmash
2026.01.27,2026.01.27,6994,daily_tuesday,dailyUp1
2026.01.27,2026.01.27,7015,daily_tuesday,dailyUp2
2026.01.27,2026.01.27,6952,daily_tuesday,dailyDown1
2026.01.27,2026.01.27,6931,daily_tuesday,dailyDown2
2026.01.28,2026.01.28,7017,daily_wednesday_smash,dailySmash
2026.01.28,2026.01.28,7053,daily_wednesday,dailyUp2
2026.01.28,2026.01.28,7070,daily_wednesday,dailyUp3
2026.01.28,2026.01.28,6994,daily_wednesday,dailyDown1
2026.01.28,2026.01.28,6969,daily_wednesday,dailyDown2
2026.01.28,2026.01.28,6952,daily_wednesday,dailyDown3
2026.01.29,2026.01.29,7016,daily_thursday_smash,dailySmash
2026.01.29,2026.01.29,7043,daily_thursday,dailyUp1
2026.01.29,2026.01.29,7070,daily_thursday,dailyUp2
2026.01.29,2026.01.29,6994,daily_thursday,dailyDown1
2026.01.29,2026.01.29,6969,daily_thursday,dailyDown2
2026.01.29,2026.01.29,6952,daily_thursday,dailyDown3
2026.01.30,2026.01.30,6994,daily_friday_smash,dailySmash
2026.01.30,2026.01.30,7015,daily_friday,dailyUp1
2026.01.30,2026.01.30,7043,daily_friday,dailyUp2
2026.01.30,2026.01.30,6969,daily_friday,dailyDown1
2026.01.30,2026.01.30,6952,daily_friday,dailyDown2
2026.01.30,2026.01.30,6927,daily_friday,dailyDown3
2026.02.02,2026.02.06,6994,weekly_smash_stacked_monday_tuesday,weeklySmash
2026.02.02,2026.02.06,7031,weekly,weeklyUp1
2026.02.02,2026.02.06,7043,weekly_stacked_tuesday,weeklyUp2
2026.02.02,2026.02.06,7095,weekly,weeklyUp3
2026.02.02,2026.02.06,7125,weekly,weeklyUp4
2026.02.02,2026.02.06,7140,weekly,weeklyUp5
2026.02.02,2026.02.06,7185,weekly,weeklyUp6
2026.02.02,2026.02.06,6927,weekly_stacked_monday_thursday_wednesday,weeklyDown1
2026.02.02,2026.02.06,6855,weekly,weeklyDown2
2026.02.02,2026.02.06,6825,weekly,weeklyDown3
2026.02.02,2026.02.06,6775,weekly,weeklyDown4
2026.02.02,2026.02.06,6725,weekly,weeklyDown5
2026.02.02,2026.02.02,6975,daily_monday_smash,dailySmash
2026.02.02,2026.02.02,7015,daily_monday,dailyUp2
2026.02.02,2026.02.02,6952,daily_monday,dailyDown1
2026.02.02,2026.02.02,6894,daily_monday,dailyDown3
2026.02.03,2026.02.03,7017,daily_tuesday,dailyUp1
2026.02.03,2026.02.03,6971,daily_tuesday,dailyDown1
2026.02.03,2026.02.03,6952,daily_tuesday,dailyDown2
2026.02.04,2026.02.04,6952,daily_wednesday_smash,dailySmash
2026.02.04,2026.02.04,6984,daily_wednesday,dailyUp1
2026.02.04,2026.02.04,7010,daily_wednesday,dailyUp2
2026.02.04,2026.02.04,6894,daily_wednesday,dailyDown2
2026.02.05,2026.02.05,6898,daily_thursday_smash,dailySmash
2026.02.05,2026.02.05,6952,daily_thursday,dailyUp2
2026.02.05,2026.02.05,6984,daily_thursday,dailyUp3
2026.02.05,2026.02.05,6868,daily_thursday,dailyDown1
2026.02.05,2026.02.05,6848,daily_thursday,dailyDown2
2026.02.06,2026.02.06,6805,daily_friday_smash,dailySmash
2026.02.06,2026.02.06,6822,daily_friday,dailyUp1
2026.02.06,2026.02.06,6868,daily_friday,dailyUp2
2026.02.06,2026.02.06,6898,daily_friday,dailyUp3
2026.02.06,2026.02.06,6778,daily_friday,dailyDown1
2026.02.06,2026.02.06,6741,daily_friday,dailyDown2
2026.02.09,2026.02.13,6944,weekly_smash_stacked_monday_thursday_tuesday_wednesday,weeklySmash
2026.02.09,2026.02.13,7031,weekly,weeklyUp1
2026.02.09,2026.02.13,7090,weekly,weeklyUp2
2026.02.09,2026.02.13,7120,weekly,weeklyUp3
2026.02.09,2026.02.13,7160,weekly,weeklyUp4
2026.02.09,2026.02.13,7210,weekly,weeklyUp5
2026.02.09,2026.02.13,6880,weekly_stacked_monday,weeklyDown1
2026.02.09,2026.02.13,6810,weekly,weeklyDown2
2026.02.09,2026.02.13,6780,weekly_stacked_friday,weeklyDown3
2026.02.09,2026.02.13,6725,weekly,weeklyDown4
2026.02.09,2026.02.13,6670,weekly,weeklyDown5
2026.02.09,2026.02.09,6966,daily_monday,dailyUp1
2026.02.09,2026.02.09,6984,daily_monday,dailyUp2
2026.02.09,2026.02.09,7010,daily_monday,dailyUp3
2026.02.09,2026.02.09,6927,daily_monday,dailyDown1
2026.02.09,2026.02.09,6907,daily_monday,dailyDown2
2026.02.10,2026.02.10,6971,daily_tuesday_smash,dailySmash
2026.02.10,2026.02.10,6998,daily_tuesday,dailyUp1
2026.02.10,2026.02.10,7017,daily_tuesday,dailyUp2
2026.02.10,2026.02.10,7043,daily_tuesday,dailyUp3
2026.02.10,2026.02.10,6927,daily_tuesday,dailyDown2
2026.02.11,2026.02.11,6971,daily_wednesday_smash,dailySmash
2026.02.11,2026.02.11,6998,daily_wednesday,dailyUp1
2026.02.11,2026.02.11,7017,daily_wednesday,dailyUp2
2026.02.11,2026.02.11,6927,daily_wednesday,dailyDown2
2026.02.11,2026.02.11,6907,daily_wednesday,dailyDown3
2026.02.12,2026.02.12,6976,daily_thursday_smash,dailySmash
2026.02.12,2026.02.12,6999,daily_thursday,dailyUp1
2026.02.12,2026.02.12,7017,daily_thursday,dailyUp2
2026.02.12,2026.02.12,6927,daily_thursday,dailyDown2
2026.02.12,2026.02.12,6907,daily_thursday,dailyDown3
2026.02.13,2026.02.13,6860,daily_friday_smash,dailySmash
2026.02.13,2026.02.13,6897,daily_friday,dailyUp1
2026.02.13,2026.02.13,6927,daily_friday,dailyUp2
2026.02.13,2026.02.13,6822,daily_friday,dailyDown1
2026.02.13,2026.02.13,6805,daily_friday,dailyDown2
2026.02.16,2026.02.20,6890,weekly_smash_stacked_friday_wednesday,weeklySmash
2026.02.16,2026.02.20,6960,weekly_stacked_thursday,weeklyUp1
2026.02.16,2026.02.20,7010,weekly,weeklyUp2
2026.02.16,2026.02.20,7045,weekly,weeklyUp3
2026.02.16,2026.02.20,7092,weekly,weeklyUp4
2026.02.16,2026.02.20,7145,weekly,weeklyUp5
2026.02.16,2026.02.20,6805,weekly_stacked_friday_wednesday,weeklyDown1
2026.02.16,2026.02.20,6705,weekly,weeklyDown2
2026.02.16,2026.02.20,6670,weekly,weeklyDown3
2026.02.16,2026.02.20,6592,weekly,weeklyDown4
2026.02.18,2026.02.18,6867,daily_wednesday_smash,dailySmash
2026.02.18,2026.02.18,6927,daily_wednesday,dailyUp2
2026.02.18,2026.02.18,6842,daily_wednesday,dailyDown1
2026.02.18,2026.02.18,6780,daily_wednesday,dailyDown3
2026.02.19,2026.02.19,6906,daily_thursday_smash,dailySmash
2026.02.19,2026.02.19,6927,daily_thursday,dailyUp1
2026.02.19,2026.02.19,6875,daily_thursday,dailyDown1
2026.02.19,2026.02.19,6842,daily_thursday,dailyDown2
2026.02.20,2026.02.20,6860,daily_friday_smash,dailySmash
2026.02.20,2026.02.20,6906,daily_friday,dailyUp2
2026.02.20,2026.02.20,6927,daily_friday,dailyUp3
2026.02.20,2026.02.20,6842,daily_friday,dailyDown1
2026.02.23,2026.02.27,6960,weekly_smash_stacked_friday_monday_thursday_wednesday,weeklySmash
2026.02.23,2026.02.27,7031,weekly,weeklyUp1
2026.02.23,2026.02.27,7043,weekly,weeklyUp2
2026.02.23,2026.02.27,7080,weekly,weeklyUp3
2026.02.23,2026.02.27,7110,weekly,weeklyUp4
2026.02.23,2026.02.27,7145,weekly,weeklyUp5
2026.02.23,2026.02.27,7200,weekly,weeklyUp6
2026.02.23,2026.02.27,6890,weekly_stacked_monday,weeklyDown1
2026.02.23,2026.02.27,6805,weekly_stacked_tuesday,weeklyDown2
2026.02.23,2026.02.27,6775,weekly_stacked_tuesday,weeklyDown3
2026.02.23,2026.02.27,6705,weekly,weeklyDown4
2026.02.23,2026.02.27,6670,weekly,weeklyDown5
2026.02.23,2026.02.23,6910,daily_monday_smash,dailySmash
2026.02.23,2026.02.23,6927,daily_monday,dailyUp1
2026.02.23,2026.02.23,6998,daily_monday,dailyUp3
2026.02.23,2026.02.23,6860,daily_monday,dailyDown2
2026.02.24,2026.02.24,6869,daily_tuesday_smash,dailySmash
2026.02.24,2026.02.24,6893,daily_tuesday,dailyUp1
2026.02.24,2026.02.24,6927,daily_tuesday,dailyUp2
2026.02.24,2026.02.24,6836,daily_tuesday,dailyDown1
2026.02.25,2026.02.25,6894,daily_wednesday_smash,dailySmash
2026.02.25,2026.02.25,6911,daily_wednesday,dailyUp1
2026.02.25,2026.02.25,6927,daily_wednesday,dailyUp2
2026.02.25,2026.02.25,6869,daily_wednesday,dailyDown1
2026.02.25,2026.02.25,6833,daily_wednesday,dailyDown2
2026.02.26,2026.02.26,6976,daily_thursday,dailyUp1
2026.02.26,2026.02.26,6993,daily_thursday,dailyUp2
2026.02.26,2026.02.26,7017,daily_thursday,dailyUp3
2026.02.26,2026.02.26,6948,daily_thursday,dailyDown1
2026.02.26,2026.02.26,6927,daily_thursday,dailyDown2
2026.02.26,2026.02.26,6912,daily_thursday,dailyDown3
2026.02.27,2026.02.27,6927,daily_friday_smash,dailySmash
2026.02.27,2026.02.27,6976,daily_friday,dailyUp2
2026.02.27,2026.02.27,6904,daily_friday,dailyDown1
2026.02.27,2026.02.27,6880,daily_friday,dailyDown2
2026.02.27,2026.02.27,6849,daily_friday,dailyDown3
2026.03.02,2026.03.06,6880,weekly_smash_stacked_monday_tuesday_wednesday,weeklySmash
2026.03.02,2026.03.06,6960,weekly_stacked_monday_thursday_tuesday,weeklyUp1
2026.03.02,2026.03.06,7030,weekly,weeklyUp2
2026.03.02,2026.03.06,7060,weekly,weeklyUp3
2026.03.02,2026.03.06,7120,weekly,weeklyUp4
2026.03.02,2026.03.06,7160,weekly,weeklyUp5
2026.03.02,2026.03.06,6805,weekly,weeklyDown1
2026.03.02,2026.03.06,6730,weekly,weeklyDown2
2026.03.02,2026.03.06,6700,weekly,weeklyDown3
2026.03.02,2026.03.06,6670,weekly,weeklyDown4
2026.03.02,2026.03.06,6592,weekly,weeklyDown5
2026.03.02,2026.03.02,6904,daily_monday,dailyUp1
2026.03.02,2026.03.02,6927,daily_monday,dailyUp2
2026.03.02,2026.03.02,6852,daily_monday,dailyDown1
2026.03.02,2026.03.02,6829,daily_monday,dailyDown2
2026.03.03,2026.03.03,6904,daily_tuesday,dailyUp1
2026.03.03,2026.03.03,6927,daily_tuesday,dailyUp2
2026.03.03,2026.03.03,6844,daily_tuesday,dailyDown1
2026.03.03,2026.03.03,6825,daily_tuesday,dailyDown2
2026.03.04,2026.03.04,6808,daily_wednesday_smash,dailySmash
2026.03.04,2026.03.04,6843,daily_wednesday,dailyUp1
2026.03.04,2026.03.04,6904,daily_wednesday,dailyUp3
2026.03.04,2026.03.04,6784,daily_wednesday,dailyDown1
2026.03.04,2026.03.04,6748,daily_wednesday,dailyDown2
2026.03.05,2026.03.05,6886,daily_thursday_smash,dailySmash
2026.03.05,2026.03.05,6904,daily_thursday,dailyUp1
2026.03.05,2026.03.05,6927,daily_thursday,dailyUp2
2026.03.05,2026.03.05,6858,daily_thursday,dailyDown1
2026.03.05,2026.03.05,6839,daily_thursday,dailyDown2
2026.03.05,2026.03.05,6808,daily_thursday,dailyDown3
2026.03.06,2026.03.06,6815,daily_friday_smash,dailySmash
2026.03.06,2026.03.06,6850,daily_friday,dailyUp1
2026.03.06,2026.03.06,6882,daily_friday,dailyUp2
2026.03.06,2026.03.06,6904,daily_friday,dailyUp3
2026.03.06,2026.03.06,6791,daily_friday,dailyDown1
2026.03.06,2026.03.06,6748,daily_friday,dailyDown2
2026.03.09,2026.03.13,6791,weekly_smash_stacked_monday,weeklySmash
2026.03.09,2026.03.13,6880,weekly_stacked_tuesday_wednesday,weeklyUp1
2026.03.09,2026.03.13,6930,weekly,weeklyUp2
2026.03.09,2026.03.13,6960,weekly,weeklyUp3
2026.03.09,2026.03.13,6692,weekly_stacked_friday_monday,weeklyDown1
2026.03.09,2026.03.13,6670,weekly_stacked_monday,weeklyDown2
2026.03.09,2026.03.13,6570,weekly,weeklyDown3
2026.03.09,2026.03.13,6540,weekly,weeklyDown4
2026.03.09,2026.03.13,6470,weekly,weeklyDown5
2026.03.09,2026.03.09,6762,daily_monday_smash,dailySmash
2026.03.09,2026.03.09,6815,daily_monday,dailyUp2
2026.03.09,2026.03.09,6836,daily_monday,dailyUp3
2026.03.09,2026.03.09,6726,daily_monday,dailyDown1
2026.03.10,2026.03.10,6778,daily_tuesday_smash,dailySmash
2026.03.10,2026.03.10,6819,daily_tuesday,dailyUp1
2026.03.10,2026.03.10,6850,daily_tuesday,dailyUp2
2026.03.10,2026.03.10,6741,daily_tuesday,dailyDown1
2026.03.10,2026.03.10,6700,daily_tuesday,dailyDown2
2026.03.11,2026.03.11,6772,daily_wednesday_smash,dailySmash
2026.03.11,2026.03.11,6806,daily_wednesday,dailyUp1
2026.03.11,2026.03.11,6839,daily_wednesday,dailyUp2
2026.03.11,2026.03.11,6741,daily_wednesday,dailyDown1
2026.03.11,2026.03.11,6700,daily_wednesday,dailyDown2
2026.03.12,2026.03.12,6769,daily_thursday_smash,dailySmash
2026.03.12,2026.03.12,6800,daily_thursday,dailyUp1
2026.03.12,2026.03.12,6839,daily_thursday,dailyUp2
2026.03.12,2026.03.12,6741,daily_thursday,dailyDown1
2026.03.12,2026.03.12,6700,daily_thursday,dailyDown2
2026.03.13,2026.03.13,6726,daily_friday,dailyUp1
2026.03.13,2026.03.13,6749,daily_friday,dailyUp2
2026.03.13,2026.03.13,6770,daily_friday,dailyUp3
2026.03.13,2026.03.13,6658,daily_friday,dailyDown1
2026.03.13,2026.03.13,6625,daily_friday,dailyDown2
2026.03.13,2026.03.13,6600,daily_friday,dailyDown3
2026.03.19,2026.03.19,6692,daily_thursday_smash,dailySmash
2026.03.19,2026.03.19,6715,daily_thursday,dailyUp1
2026.03.19,2026.03.19,6737,daily_thursday,dailyUp2
2026.03.19,2026.03.19,6764,daily_thursday,dailyUp3
2026.03.19,2026.03.19,6665,daily_thursday,dailyDown1
2026.03.19,2026.03.19,6636,daily_thursday,dailyDown2
2026.03.19,2026.03.19,6600,daily_thursday,dailyDown3
2026.03.20,2026.03.20,6669,daily_friday_smash,dailySmash
2026.03.20,2026.03.20,6692,daily_friday,dailyUp1
2026.03.20,2026.03.20,6715,daily_friday,dailyUp2
2026.03.20,2026.03.20,6737,daily_friday,dailyUp3
2026.03.20,2026.03.20,6636,daily_friday,dailyDown1
2026.03.20,2026.03.20,6600,daily_friday,dailyDown2
2026.03.20,2026.03.20,6568,daily_friday,dailyDown3
2026.03.23,2026.03.27,6616,weekly_smash_stacked_monday_tuesday,weeklySmash
2026.03.23,2026.03.27,6692,weekly_stacked_thursday_tuesday_wednesday,weeklyUp1
2026.03.23,2026.03.27,6755,weekly,weeklyUp2
2026.03.23,2026.03.27,6785,weekly,weeklyUp3
2026.03.23,2026.03.27,6840,weekly,weeklyUp4
2026.03.23,2026.03.27,6880,weekly,weeklyUp5
2026.03.23,2026.03.27,6511,weekly_stacked_friday_monday_wednesday,weeklyDown1
2026.03.23,2026.03.27,6446,weekly_stacked_friday,weeklyDown2
2026.03.23,2026.03.27,6360,weekly,weeklyDown3
2026.03.23,2026.03.27,6330,weekly,weeklyDown4
2026.03.23,2026.03.27,6280,weekly,weeklyDown5
2026.03.23,2026.03.23,6581,daily_monday_smash,dailySmash
2026.03.23,2026.03.23,6643,daily_monday,dailyUp2
2026.03.23,2026.03.23,6544,daily_monday,dailyDown1
2026.03.23,2026.03.23,6470,daily_monday,dailyDown3
2026.03.24,2026.03.24,6658,daily_tuesday,dailyUp1
2026.03.24,2026.03.24,6715,daily_tuesday,dailyUp3
2026.03.24,2026.03.24,6581,daily_tuesday,dailyDown1
2026.03.24,2026.03.24,6544,daily_tuesday,dailyDown2
2026.03.25,2026.03.25,6611,daily_wednesday_smash,dailySmash
2026.03.25,2026.03.25,6636,daily_wednesday,dailyUp1
2026.03.25,2026.03.25,6658,daily_wednesday,dailyUp2
2026.03.25,2026.03.25,6586,daily_wednesday,dailyDown1
2026.03.25,2026.03.25,6544,daily_wednesday,dailyDown2
2026.03.26,2026.03.26,6631,daily_thursday_smash,dailySmash
2026.03.26,2026.03.26,6662,daily_thursday,dailyUp1
2026.03.26,2026.03.26,6715,daily_thursday,dailyUp3
2026.03.26,2026.03.26,6611,daily_thursday,dailyDown1
2026.03.26,2026.03.26,6586,daily_thursday,dailyDown2
2026.03.26,2026.03.26,6544,daily_thursday,dailyDown3
2026.03.27,2026.03.27,6549,daily_friday_smash,dailySmash
2026.03.27,2026.03.27,6580,daily_friday,dailyUp1
2026.03.27,2026.03.27,6611,daily_friday,dailyUp2
2026.03.27,2026.03.27,6470,daily_friday,dailyDown2
2026.03.30,2026.04.03,6446,weekly_smash_stacked_monday_tuesday,weeklySmash
2026.03.30,2026.04.03,6520,weekly,weeklyUp1
2026.03.30,2026.04.03,6605,weekly,weeklyUp2
2026.03.30,2026.04.03,6635,weekly_stacked_thursday_wednesday,weeklyUp3
2026.03.30,2026.04.03,6692,weekly_stacked_thursday,weeklyUp4
2026.03.30,2026.04.03,6764,weekly,weeklyUp5
2026.03.30,2026.04.03,6350,weekly,weeklyDown1
2026.03.30,2026.04.03,6328,weekly_stacked_monday_tuesday,weeklyDown2
2026.03.30,2026.04.03,6250,weekly,weeklyDown3
2026.03.30,2026.04.03,6220,weekly,weeklyDown4
2026.03.30,2026.04.03,6166,weekly,weeklyDown5
2026.03.30,2026.04.03,6081,weekly,weeklyDown6
2026.03.30,2026.03.30,6412,daily_monday_smash,dailySmash
2026.03.30,2026.03.30,6467,daily_monday,dailyUp2
2026.03.30,2026.03.30,6496,daily_monday,dailyUp3
2026.03.30,2026.03.30,6370,daily_monday,dailyDown1
2026.03.30,2026.03.30,6345,daily_monday,dailyDown2
2026.03.31,2026.03.31,6412,daily_tuesday_smash,dailySmash
2026.03.31,2026.03.31,6468,daily_tuesday,dailyUp2
2026.03.31,2026.03.31,6370,daily_tuesday,dailyDown1
2026.03.31,2026.03.31,6299,daily_tuesday,dailyDown3
2026.04.01,2026.04.01,6566,daily_wednesday_smash,dailySmash
2026.04.01,2026.04.01,6611,daily_wednesday,dailyUp1
2026.04.01,2026.04.01,6529,daily_wednesday,dailyDown1
2026.04.01,2026.04.01,6497,daily_wednesday,dailyDown2
2026.04.02,2026.04.02,6606,daily_thursday_smash,dailySmash
2026.04.02,2026.04.02,6667,daily_thursday,dailyUp2
2026.04.02,2026.04.02,6583,daily_thursday,dailyDown1
2026.04.02,2026.04.02,6566,daily_thursday,dailyDown2
2026.04.02,2026.04.02,6529,daily_thursday,dailyDown3
2026.04.06,2026.04.10,6575,weekly_smash_stacked_monday_tuesday_wednesday,weeklySmash
2026.04.06,2026.04.10,6635,weekly_stacked_monday_tuesday,weeklyUp1
2026.04.06,2026.04.10,6692,weekly_stacked_monday_tuesday_wednesday,weeklyUp2
2026.04.06,2026.04.10,6760,weekly,weeklyUp3
2026.04.06,2026.04.10,6790,weekly_stacked_friday_thursday,weeklyUp4
2026.04.06,2026.04.10,6840,weekly,weeklyUp5
2026.04.06,2026.04.10,6497,weekly,weeklyDown1
2026.04.06,2026.04.10,6445,weekly,weeklyDown2
2026.04.06,2026.04.10,6415,weekly,weeklyDown3
2026.04.06,2026.04.10,6328,weekly,weeklyDown4
2026.04.06,2026.04.10,6250,weekly,weeklyDown5
2026.04.06,2026.04.06,6605,daily_monday_smash,dailySmash
2026.04.06,2026.04.06,6667,daily_monday,dailyUp2
2026.04.06,2026.04.06,6550,daily_monday,dailyDown2
2026.04.07,2026.04.07,6667,daily_tuesday,dailyUp1
2026.04.07,2026.04.07,6715,daily_tuesday,dailyUp3
2026.04.07,2026.04.07,6605,daily_tuesday,dailyDown1
2026.04.08,2026.04.08,6646,daily_wednesday_smash,dailySmash
2026.04.08,2026.04.08,6667,daily_wednesday,dailyUp1
2026.04.08,2026.04.08,6715,daily_wednesday,dailyUp3
2026.04.08,2026.04.08,6610,daily_wednesday,dailyDown1
2026.04.09,2026.04.09,6805,daily_thursday_smash,dailySmash
2026.04.09,2026.04.09,6833,daily_thursday,dailyUp1
2026.04.09,2026.04.09,6868,daily_thursday,dailyUp2
2026.04.09,2026.04.09,6900,daily_thursday,dailyUp3
2026.04.09,2026.04.09,6750,daily_thursday,dailyDown2
2026.04.09,2026.04.09,6734,daily_thursday,dailyDown3
2026.04.10,2026.04.10,6848,daily_friday_smash,dailySmash
2026.04.10,2026.04.10,6880,daily_friday,dailyUp1
2026.04.10,2026.04.10,6900,daily_friday,dailyUp2
2026.04.10,2026.04.10,6927,daily_friday,dailyUp3
2026.04.10,2026.04.10,6830,daily_friday,dailyDown1
2026.04.10,2026.04.10,6815,daily_friday,dailyDown2
2026.04.13,2026.04.17,6880,weekly_smash_stacked_monday_tuesday,weeklySmash
2026.04.13,2026.04.17,6927,weekly_stacked_monday_tuesday,weeklyUp1
2026.04.13,2026.04.17,7005,weekly_stacked_friday_thursday_wednesday,weeklyUp2
2026.04.13,2026.04.17,7035,weekly_stacked_friday_thursday,weeklyUp3
2026.04.13,2026.04.17,7092,weekly_stacked_friday_thursday,weeklyUp4
2026.04.13,2026.04.17,7135,weekly_stacked_friday,weeklyUp5
2026.04.13,2026.04.17,6815,weekly_stacked_monday,weeklyDown1
2026.04.13,2026.04.17,6790,weekly_stacked_monday,weeklyDown2
2026.04.13,2026.04.17,6690,weekly,weeklyDown3
2026.04.13,2026.04.17,6660,weekly,weeklyDown4
2026.04.13,2026.04.17,6635,weekly,weeklyDown5
2026.04.13,2026.04.17,6575,weekly,weeklyDown6
2026.04.13,2026.04.13,6848,daily_monday_smash,dailySmash
2026.04.13,2026.04.13,6900,daily_monday,dailyUp2
2026.04.13,2026.04.13,6830,daily_monday,dailyDown1
2026.04.14,2026.04.14,6900,daily_tuesday_smash,dailySmash
2026.04.14,2026.04.14,6960,daily_tuesday,dailyUp2
2026.04.14,2026.04.14,6981,daily_tuesday,dailyUp3
2026.04.14,2026.04.14,6856,daily_tuesday,dailyDown2
2026.04.15,2026.04.15,7031,daily_wednesday,dailyUp1
2026.04.15,2026.04.15,7043,daily_wednesday,dailyUp2
2026.04.15,2026.04.15,7070,daily_wednesday,dailyUp3
2026.04.15,2026.04.15,6985,daily_wednesday,dailyDown1
2026.04.15,2026.04.15,6961,daily_wednesday,dailyDown2
2026.04.15,2026.04.15,6924,daily_wednesday,dailyDown3
2026.04.16,2026.04.16,7062,daily_thursday_smash,dailySmash
2026.04.16,2026.04.16,7115,daily_thursday,dailyUp2
2026.04.16,2026.04.16,7043,daily_thursday,dailyDown1
2026.04.17,2026.04.17,7062,daily_friday_smash,dailySmash
2026.04.17,2026.04.17,7115,daily_friday,dailyUp2
2026.04.17,2026.04.17,7043,daily_friday,dailyDown1
2026.04.20,2026.04.24,7151,weekly_smash_stacked_friday_monday_tuesday,weeklySmash
2026.04.20,2026.04.24,7233,weekly_stacked_monday_thursday_tuesday,weeklyUp1
2026.04.20,2026.04.24,7305,weekly,weeklyUp2
2026.04.20,2026.04.24,7335,weekly,weeklyUp3
2026.04.20,2026.04.24,7375,weekly,weeklyUp4
2026.04.20,2026.04.24,7415,weekly,weeklyUp5
2026.04.20,2026.04.24,7089,weekly_stacked_monday_tuesday,weeklyDown1
2026.04.20,2026.04.24,7035,weekly,weeklyDown2
2026.04.20,2026.04.24,7005,weekly,weeklyDown3
2026.04.20,2026.04.24,6924,weekly,weeklyDown4
2026.04.20,2026.04.24,6880,weekly,weeklyDown5
2026.04.20,2026.04.20,7175,daily_monday,dailyUp1
2026.04.20,2026.04.20,7195,daily_monday,dailyUp2
2026.04.20,2026.04.20,7121,daily_monday,dailyDown1
2026.04.21,2026.04.21,7175,daily_tuesday,dailyUp1
2026.04.21,2026.04.21,7195,daily_tuesday,dailyUp2
2026.04.21,2026.04.21,7121,daily_tuesday,dailyDown1
2026.04.22,2026.04.22,7117,daily_wednesday_smash,dailySmash
2026.04.22,2026.04.22,7147,daily_wednesday,dailyUp1
2026.04.22,2026.04.22,7175,daily_wednesday,dailyUp2
2026.04.22,2026.04.22,7092,daily_wednesday,dailyDown1
2026.04.22,2026.04.22,7062,daily_wednesday,dailyDown2
2026.04.22,2026.04.22,7043,daily_wednesday,dailyDown3
2026.04.23,2026.04.23,7166,daily_thursday_smash,dailySmash
2026.04.23,2026.04.23,7191,daily_thursday,dailyUp1
2026.04.23,2026.04.23,7217,daily_thursday,dailyUp2
2026.04.23,2026.04.23,7146,daily_thursday,dailyDown1
2026.04.23,2026.04.23,7117,daily_thursday,dailyDown2
2026.04.23,2026.04.23,7092,daily_thursday,dailyDown3
2026.04.24,2026.04.24,7172,daily_friday,dailyUp1
2026.04.24,2026.04.24,7193,daily_friday,dailyUp2
2026.04.24,2026.04.24,7215,daily_friday,dailyUp3
2026.04.24,2026.04.24,7127,daily_friday,dailyDown1
2026.04.24,2026.04.24,7092,daily_friday,dailyDown2
2026.04.24,2026.04.24,7062,daily_friday,dailyDown3
2026.04.27,2026.05.01,7162,weekly_smash_stacked_monday_tuesday,weeklySmash
2026.04.27,2026.05.01,7232,weekly_stacked_friday_monday_tuesday,weeklyUp1
2026.04.27,2026.05.01,7320,weekly,weeklyUp2
2026.04.27,2026.05.01,7350,weekly,weeklyUp3
2026.04.27,2026.05.01,7375,weekly,weeklyUp4
2026.04.27,2026.05.01,7415,weekly,weeklyUp5
2026.04.27,2026.05.01,7092,weekly_stacked_thursday_wednesday,weeklyDown1
2026.04.27,2026.05.01,7040,weekly,weeklyDown2
2026.04.27,2026.05.01,7010,weekly,weeklyDown3
2026.04.27,2026.05.01,6924,weekly,weeklyDown4
2026.04.27,2026.05.01,6880,weekly,weeklyDown5
2026.04.27,2026.04.27,7183,daily_monday_smash,dailySmash
2026.04.27,2026.04.27,7210,daily_monday,dailyUp1
2026.04.27,2026.04.27,7260,daily_monday,dailyUp3
2026.04.27,2026.04.27,7126,daily_monday,dailyDown2
2026.04.28,2026.04.28,7200,daily_tuesday_smash,dailySmash
2026.04.28,2026.04.28,7216,daily_tuesday,dailyUp1
2026.04.28,2026.04.28,7260,daily_tuesday,dailyUp3
2026.04.28,2026.04.28,7180,daily_tuesday,dailyDown1
2026.04.29,2026.04.29,7156,daily_wednesday_smash,dailySmash
2026.04.29,2026.04.29,7180,daily_wednesday,dailyUp1
2026.04.29,2026.04.29,7208,daily_wednesday,dailyUp2
2026.04.29,2026.04.29,7230,daily_wednesday,dailyUp3
2026.04.29,2026.04.29,7126,daily_wednesday,dailyDown1
2026.04.30,2026.04.30,7150,daily_thursday_smash,dailySmash
2026.04.30,2026.04.30,7180,daily_thursday,dailyUp1
2026.04.30,2026.04.30,7208,daily_thursday,dailyUp2
2026.04.30,2026.04.30,7230,daily_thursday,dailyUp3
2026.04.30,2026.04.30,7126,daily_thursday,dailyDown1
2026.05.01,2026.05.01,7248,daily_friday,dailyUp1
2026.05.01,2026.05.01,7280,daily_friday,dailyUp2
2026.05.01,2026.05.01,7305,daily_friday,dailyUp3
2026.05.01,2026.05.01,7208,daily_friday,dailyDown1
2026.05.01,2026.05.01,7180,daily_friday,dailyDown2
2026.05.04,2026.05.08,7251,weekly_smash_stacked_monday_wednesday,weeklySmash
2026.05.04,2026.05.08,7296,weekly_stacked_monday_tuesday,weeklyUp1
2026.05.04,2026.05.08,7375,weekly_stacked_thursday,weeklyUp2
2026.05.04,2026.05.08,7405,weekly_stacked_thursday,weeklyUp3
2026.05.04,2026.05.08,7445,weekly,weeklyUp4
2026.05.04,2026.05.08,7490,weekly,weeklyUp5
2026.05.04,2026.05.08,7208,weekly_stacked_monday,weeklyDown1
2026.05.04,2026.05.08,7160,weekly_stacked_tuesday,weeklyDown2
2026.05.04,2026.05.08,7120,weekly,weeklyDown3
2026.05.04,2026.05.08,7090,weekly,weeklyDown4
2026.05.04,2026.05.08,7031,weekly,weeklyDown5
2026.05.04,2026.05.04,7275,daily_monday,dailyUp1
2026.05.04,2026.05.04,7320,daily_monday,dailyUp3
2026.05.04,2026.05.04,7232,daily_monday,dailyDown1
2026.05.05,2026.05.05,7242,daily_tuesday_smash,dailySmash
2026.05.05,2026.05.05,7268,daily_tuesday,dailyUp1
2026.05.05,2026.05.05,7212,daily_tuesday,dailyDown1
2026.05.05,2026.05.05,7180,daily_tuesday,dailyDown2
2026.05.06,2026.05.06,7280,daily_wednesday_smash,dailySmash
2026.05.06,2026.05.06,7304,daily_wednesday,dailyUp1
2026.05.06,2026.05.06,7330,daily_wednesday,dailyUp2
2026.05.06,2026.05.06,7352,daily_wednesday,dailyUp3
2026.05.06,2026.05.06,7242,daily_wednesday,dailyDown2
2026.05.06,2026.05.06,7212,daily_wednesday,dailyDown3
2026.05.07,2026.05.07,7390,daily_thursday_smash,dailySmash
2026.05.07,2026.05.07,7427,daily_thursday,dailyUp2
2026.05.07,2026.05.07,7455,daily_thursday,dailyUp3
2026.05.07,2026.05.07,7355,daily_thursday,dailyDown2
2026.05.07,2026.05.07,7327,daily_thursday,dailyDown3
